{"stats":{"minecraft:killed":{"minecraft:horse":1,"minecraft:chicken":1},"minecraft:dropped":{"minecraft:wheat_seeds":1,"minecraft:grass_block":9},"minecraft:picked_up":{"minecraft:leather":2,"minecraft:wheat_seeds":1,"minecraft:grass_block":9,"minecraft:dirt":3},"minecraft:used":{"minecraft:spider_spawn_egg":1,"minecraft:enderman_spawn_egg":1,"minecraft:cave_spider_spawn_egg":1,"minecraft:endermite_spawn_egg":1},"minecraft:custom":{"minecraft:time_since_rest":10418,"minecraft:crouch_one_cm":209,"minecraft:sprint_one_cm":3035,"minecraft:play_time":26208,"minecraft:damage_taken":360,"minecraft:deaths":1,"minecraft:walk_one_cm":4599,"minecraft:sneak_time":123,"minecraft:mob_kills":2,"minecraft:drop":10,"minecraft:jump":79,"minecraft:damage_dealt":435,"minecraft:leave_game":7,"minecraft:time_since_death":10397,"minecraft:total_world_time":26208,"minecraft:fall_one_cm":4899,"minecraft:fly_one_cm":36632},"minecraft:mined":{"minecraft:grass":3,"minecraft:grass_block":3}},"DataVersion":2975}