{"stats":{"minecraft:dropped":{"minecraft:grass_block":9},"minecraft:custom":{"minecraft:jump":13,"minecraft:time_since_rest":12386,"minecraft:damage_dealt":10,"minecraft:crouch_one_cm":133,"minecraft:leave_game":5,"minecraft:play_time":12386,"minecraft:sprint_one_cm":151,"minecraft:time_since_death":12386,"minecraft:walk_one_cm":1096,"minecraft:sneak_time":43,"minecraft:total_world_time":12386,"minecraft:drop":9,"minecraft:fly_one_cm":23117},"minecraft:picked_up":{"minecraft:grass_block":9}},"DataVersion":2975}